BackendTime,ch0sens,ch1sens,ch2sens,ch3sens,temp0,temp1,system_status,system_time
1740311784517.3794,33.53816604614258,198.8593292236328,1.7337394952774048,54.7017822265625,,12.9296875,1,6514243
1740311784538.848,33.53192901611328,199.00526428222656,1.7337394952774048,53.87067794799805,,12.9296875,1,6514264
1740311784557.7727,33.55767822265625,198.9143218994141,1.7074906826019287,53.49290466308594,,12.9296875,1,6514283
1740311784581.5854,33.524620056152344,198.9359893798828,1.717990159988403,54.02178955078125,,12.9296875,1,6514306
1740311784600.2168,33.520320892333984,198.8685760498047,1.7048656940460205,55.004005432128906,,12.9296875,1,6514325
1740311784621.317,33.53907775878906,198.83831787109372,1.7376768589019775,55.68399810791016,,12.9296875,1,6514346
1740311784641.8262,33.53596115112305,198.95297241210935,1.6983035802841189,53.79512405395508,,12.9296875,1,6514367
1740311784662.3608,33.50225830078125,198.91873168945312,1.712740421295166,52.81290817260742,,12.953125,1,6514388
1740311784682.6592,33.4942512512207,199.01193237304688,1.7258648872375488,53.94623565673828,,12.953125,1,6514408
1740311784702.2932,33.478607177734375,199.00978088378903,1.7403017282485962,54.62622833251953,,12.953125,1,6514428
1740311784724.183,33.51231002807617,199.08621215820312,1.7350519895553589,52.35958099365234,,12.953125,1,6514449
1740311784744.2805,33.51102066040039,199.08079528808597,1.717990159988403,54.24845504760742,,12.90625,1,6514469
1740311784764.621,33.495487213134766,198.9754943847656,1.7403017282485962,53.79512405395508,,12.90625,1,6514489
1740311784785.205,33.51467514038086,198.95323181152344,1.731114625930786,54.17289733886719,,12.90625,1,6514510
1740311784805.233,33.51607131958008,198.85459899902344,1.7403017282485962,54.32400894165039,,12.90625,1,6514530
1740311784825.2878,33.515106201171875,198.98731994628903,1.6969910860061646,55.004005432128906,,12.90625,1,6514550
1740311784844.8838,33.523223876953125,198.84750366210935,1.7284897565841677,50.99959182739258,,12.9140625,1,6514570
1740311784866.6477,33.543270111083984,199.0395050048828,1.7048656940460205,53.64401626586914,,12.9140625,1,6514591
1740311784886.5996,33.57246017456055,199.0773468017578,1.7639257907867432,52.888465881347656,,12.9140625,1,6514612
1740311784907.9685,33.51677322387695,198.91845703125,1.7363643646240234,54.24845504760742,,12.9140625,1,6514633
1740311784928.3489,33.571006774902344,198.8511657714844,1.7166777849197388,55.15511322021485,,12.9140625,1,6514654
1740311784949.326,33.55015182495117,199.01666259765625,1.7061781883239746,53.71957015991211,,12.9140625,1,6514674
1740311784970.606,33.561763763427734,198.80563354492188,1.7166777849197388,55.23066711425781,,12.8828125,1,6514696
1740311784990.8486,33.52935028076172,198.89642333984372,1.7481764554977417,54.02178955078125,,12.8828125,1,6514716
1740311785012.3032,33.52058792114258,199.0500946044922,1.731114625930786,55.9862174987793,,12.8828125,1,6514737
1740311785032.6204,33.49860382080078,199.05799865722656,1.7403017282485962,54.09734344482422,,12.8828125,1,6514758
1740311785052.516,33.4729118347168,199.08853149414065,1.720615029335022,53.1906852722168,,13.0,1,6514778
1740311785072.3994,33.522953033447266,198.91114807128903,1.6996159553527832,53.94623565673828,,13.0,1,6514798
1740311785093.7207,33.542842864990234,199.0443420410156,1.7350519895553589,51.75514221191406,,13.0,1,6514819
1740311785114.5771,33.5247802734375,199.07611083984372,1.702240824699402,53.87067794799805,,13.0,1,6514840
1740311785135.427,33.48780059814453,198.9492034912109,1.717990159988403,55.15511322021485,,12.8828125,1,6514861
1740311785156.8462,33.492584228515625,198.88975524902344,1.7088030576705933,54.24845504760742,,12.8828125,1,6514882
1740311785178.604,33.527523040771484,198.9522705078125,1.7350519895553589,54.8528938293457,,12.8828125,1,6514904
1740311785198.8438,33.526878356933594,199.0360107421875,1.7324271202087402,54.24845504760742,,12.8828125,1,6514924
1740311785220.5437,33.53327178955078,198.9423828125,1.745551586151123,56.1373291015625,,12.8828125,1,6514945
1740311785242.478,33.528812408447266,198.97259521484372,1.7586759328842163,54.02178955078125,,12.8828125,1,6514968
1740311785262.2192,33.52521133422852,199.0303192138672,1.7468639612197876,55.004005432128906,,12.890625,1,6514987
1740311785283.1218,33.53558349609375,198.99301147460935,1.717990159988403,56.81732177734375,,12.890625,1,6515008
1740311785302.8655,33.52677154541016,199.0543975830078,1.7376768589019775,52.66180038452149,,12.890625,1,6515028
1740311785323.5889,33.54966735839844,199.01661682128903,1.7324271202087402,52.73735427856445,,12.890625,1,6515049
1740311785344.327,33.54740905761719,198.9384002685547,1.7061781883239746,53.94623565673828,,12.9296875,1,6515070
1740311785365.6985,33.52558898925781,198.93077087402344,1.731114625930786,52.35958099365234,,12.9296875,1,6515091
1740311785387.1887,33.564449310302734,199.0455780029297,1.7822999954223633,52.51068878173828,,12.9296875,1,6515112
1740311785406.4,33.536659240722656,199.0460662841797,1.7324271202087402,53.266239166259766,,12.9296875,1,6515132
1740311785427.4258,33.56337356567383,199.0636444091797,1.7639257907867432,53.0395736694336,,12.859375,1,6515153
1740311785449.9702,33.549400329589844,198.93136596679688,1.7271772623062134,56.89287567138672,,12.859375,1,6515175
1740311785471.1616,33.493980407714844,198.8454132080078,1.7298022508621216,54.17289733886719,,12.859375,1,6515197
1740311785495.2231,33.51838302612305,198.95957946777344,1.7101155519485474,53.341793060302734,,12.859375,1,6515218
1740311785515.5625,33.55601119995117,199.03677368164065,1.7271772623062134,54.4751205444336,,12.859375,1,6515240
1740311785536.3896,33.56880187988281,199.0909423828125,1.7271772623062134,54.24845504760742,,12.859375,1,6515261
1740311785556.976,33.540531158447266,198.9642639160156,1.703553318977356,53.71957015991211,,12.859375,1,6515282
1740311785582.7524,33.59239959716797,198.9951629638672,1.71405291557312,55.23066711425781,,12.859375,1,6515308
1740311785598.3774,33.56945037841797,199.0269317626953,1.71405291557312,55.004005432128906,,12.859375,1,6515323
1740311785620.424,33.590789794921875,199.00547790527344,1.7088030576705933,53.1906852722168,,12.859375,1,6515346
1740311785638.7874,33.53004837036133,198.8109588623047,1.7245523929595947,53.266239166259766,,12.953125,1,6515364
1740311785660.206,33.53187561035156,199.0212860107422,1.7245523929595947,54.7017822265625,,12.953125,1,6515385
1740311785679.5562,33.545799255371094,198.92544555664065,1.7429265975952148,55.68399810791016,,12.953125,1,6515405
1740311785701.274,33.575897216796875,199.04229736328125,1.711427927017212,52.81290817260742,,12.953125,1,6515426
1740311785720.5315,33.514137268066406,199.0904693603516,1.7350519895553589,52.73735427856445,,12.90625,1,6515446
1740311785742.0442,33.532466888427734,199.04714965820312,1.721927523612976,53.49290466308594,,12.90625,1,6515467
1740311785761.3716,33.54397201538086,199.01199340820312,1.7416142225265503,53.71957015991211,,12.90625,1,6515487
1740311785785.2263,33.55810546875,199.0442352294922,1.7337394952774048,53.94623565673828,,12.90625,1,6515510
1740311785805.171,33.53940200805664,199.0545654296875,1.7363643646240234,54.32400894165039,,12.90625,1,6515530
1740311785824.0725,33.50059127807617,198.8953399658203,1.7101155519485474,53.266239166259766,,12.90625,1,6515550
1740311785844.536,33.491294860839844,199.0195159912109,1.7494888305664062,55.381778717041016,,12.90625,1,6515570
1740311785866.0503,33.53144454956055,199.03961181640625,1.6549928188323977,55.759552001953125,,12.90625,1,6515591
1740311785885.436,33.52994155883789,199.0206451416016,1.7389893531799316,55.15511322021485,,12.90625,1,6515611
1740311785907.4734,33.53348922729492,198.8345489501953,1.7193026542663574,53.1906852722168,,12.90625,1,6515632
1740311785926.7195,33.5323600769043,198.8580474853516,1.6825542449951172,55.23066711425781,,12.90625,1,6515652
1740311785947.6958,33.51139831542969,198.92518615722656,1.7009284496307373,53.568458557128906,,12.8671875,1,6515673
1740311785968.965,33.55047607421875,199.05471801757807,1.7258648872375488,53.87067794799805,,12.8671875,1,6515694
1740311785989.1812,33.53187561035156,199.01107788085935,1.744239091873169,53.87067794799805,,12.8671875,1,6515714
1740311786009.2544,33.57149124145508,199.05075073242188,1.731114625930786,52.96401977539063,,12.8671875,1,6515735
1740311786030.645,33.54966735839844,198.880615234375,1.7245523929595947,53.41735076904297,,12.90625,1,6515756
1740311786051.1672,33.523277282714844,199.0267639160156,1.6969910860061646,55.07955932617188,,12.90625,1,6515776
1740311786072.0215,33.54633712768555,199.02854919433597,1.7048656940460205,54.39956283569336,,12.90625,1,6515797
1740311786091.724,33.48479080200195,199.01768493652344,1.7560510635375977,54.02178955078125,,12.90625,1,6515817
1740311786112.2112,33.53208923339844,198.9962921142578,1.6864914894104004,56.1373291015625,,12.90625,1,6515838
1740311786132.6936,33.48978805541992,199.0907287597656,1.702240824699402,55.9862174987793,,12.90625,1,6515858
1740311786153.1367,33.54816436767578,198.9100799560547,1.7048656940460205,54.777339935302734,,12.796875,1,6515879
1740311786174.2231,33.50752639770508,199.0038146972656,1.7429265975952148,56.1373291015625,,12.796875,1,6515900
1740311786194.2805,33.537410736083984,198.9203948974609,1.721927523612976,55.83510971069336,,12.796875,1,6515920
1740311786214.6016,33.514190673828125,199.03858947753903,1.7429265975952148,53.49290466308594,,12.796875,1,6515940
1740311786234.8584,33.51247024536133,199.05601501464844,1.7350519895553589,55.30622482299805,,12.84375,1,6515960
1740311786253.9685,33.548484802246094,199.03219604492188,1.7258648872375488,55.9862174987793,,12.84375,1,6515980
1740311786274.5295,33.575416564941406,199.04510498046875,1.7166777849197388,53.1906852722168,,12.84375,1,6516000
1740311786297.2476,33.53693008422852,198.90109252929688,1.721927523612976,53.1906852722168,,12.84375,1,6516023
1740311786317.152,33.530853271484375,199.03477478027344,1.715365290641785,55.381778717041016,,12.796875,1,6516043
1740311786337.3645,33.514190673828125,199.014892578125,1.7429265975952148,53.49290466308594,,12.796875,1,6516063
1740311786357.28,33.534080505371094,198.8231658935547,1.7494888305664062,54.92844772338867,,12.796875,1,6516083
1740311786377.728,33.535423278808594,199.05079650878903,1.731114625930786,55.23066711425781,,12.796875,1,6516103
1740311786398.098,33.47183609008789,198.9408264160156,1.744239091873169,53.94623565673828,,12.9453125,1,6516124
1740311786419.7268,33.51387023925781,199.00624084472656,1.694366216659546,55.23066711425781,,12.9453125,1,6516145
1740311786439.1543,33.541927337646484,199.06509399414065,1.7009284496307373,54.32400894165039,,12.9453125,1,6516165
1740311786461.1628,33.53327178955078,199.078369140625,1.7350519895553589,53.94623565673828,,12.9453125,1,6516187
1740311786483.1013,33.55735397338867,199.0458984375,1.7599884271621704,54.17289733886719,,12.9453125,1,6516208
1740311786501.0747,33.550636291503906,198.9560394287109,1.7586759328842163,54.17289733886719,,12.9453125,1,6516227
1740311786524.049,33.501129150390625,199.0546722412109,1.7337394952774048,51.75514221191406,,12.953125,1,6516249
1740311786543.3992,33.516395568847656,199.0413360595703,1.6969910860061646,54.17289733886719,,12.953125,1,6516269
1740311786565.2996,33.528114318847656,198.8888397216797,1.7245523929595947,54.7017822265625,,12.953125,1,6516290
1740311786588.3923,33.55246353149414,198.99317932128903,1.7193026542663574,53.11513137817383,,12.953125,1,6516313
1740311786605.3938,33.543216705322266,198.916748046875,1.703553318977356,54.7017822265625,,12.953125,1,6516331
1740311786627.6074,33.53123092651367,199.09207153320312,1.7074906826019287,54.17289733886719,,12.859375,1,6516353
1740311786647.3364,33.51462173461914,199.06907653808597,1.720615029335022,53.71957015991211,,12.859375,1,6516373
1740311786667.7483,33.52182388305664,199.0360107421875,1.7337394952774048,53.568458557128906,,12.859375,1,6516393
1740311786688.0933,33.528812408447266,199.0823974609375,1.717990159988403,52.58624649047852,,12.859375,1,6516413
1740311786708.6216,33.504302978515625,198.87728881835935,1.7074906826019287,54.09734344482422,,12.859375,1,6516434
1740311786730.0642,33.498870849609375,198.9427490234375,1.694366216659546,54.4751205444336,,12.859375,1,6516455
1740311786749.3896,33.47108459472656,199.0495147705078,1.7298022508621216,53.0395736694336,,12.828125,1,6516475
1740311786770.9795,33.506614685058594,199.00537109375,1.7403017282485962,55.30622482299805,,12.828125,1,6516496
1740311786790.182,33.48048782348633,199.0277404785156,1.7324271202087402,57.11954116821289,,12.828125,1,6516516
1740311786810.7185,33.53773498535156,199.04241943359372,1.720615029335022,53.94623565673828,,12.828125,1,6516536
1740311786832.0813,33.48946762084961,199.0301513671875,1.7389893531799316,53.87067794799805,,12.8828125,1,6516557
1740311786852.3025,33.48151016235352,198.9049224853516,1.7324271202087402,55.23066711425781,,12.8828125,1,6516578
1740311786873.5305,33.459957122802734,198.97666931152344,1.7284897565841677,52.58624649047852,,12.8828125,1,6516599
1740311786894.3418,33.53117752075195,198.85353088378903,1.721927523612976,51.60403060913086,,12.8828125,1,6516620
1740311786914.6216,33.49962615966797,198.9553375244141,1.715365290641785,55.68399810791016,,12.890625,1,6516640
1740311786937.836,33.46592330932617,198.881103515625,1.717990159988403,54.17289733886719,,12.890625,1,6516663
1740311786957.2854,33.51182556152344,198.9373321533203,1.694366216659546,55.30622482299805,,12.890625,1,6516683
1740311786979.1487,33.48457336425781,199.0207977294922,1.7599884271621704,56.51510238647461,,12.890625,1,6516704
1740311786998.5342,33.50870895385742,199.0237579345703,1.7613009214401243,53.71957015991211,,12.890625,1,6516724
1740311787021.8684,33.480220794677734,199.0500946044922,1.777050256729126,54.39956283569336,,12.890625,1,6516745
1740311787039.6636,33.501182556152344,199.02371215820312,1.7298022508621216,53.64401626586914,,12.90625,1,6516765
1740311787061.2498,33.47151184082031,199.0420837402344,1.7731128931045532,54.39956283569336,,12.90625,1,6516786
1740311787078.827,33.44646453857422,199.06504821777344,1.7481764554977417,51.83069610595703,,12.90625,1,6516804
1740311787103.1538,33.44995880126953,198.9951629638672,1.689116358757019,54.32400894165039,,12.90625,1,6516828
1740311787120.6746,33.47446823120117,199.01736450195312,1.702240824699402,53.79512405395508,,12.96875,1,6516846
1740311787141.7285,33.478553771972656,198.97108459472656,1.7389893531799316,54.32400894165039,,12.96875,1,6516867
1740311787162.609,33.519405364990234,199.0423583984375,1.7481764554977417,53.64401626586914,,12.96875,1,6516888
1740311787183.1282,33.52800750732422,199.04493713378903,1.7718003988265991,52.73735427856445,,12.96875,1,6516909
1740311787203.4,33.516502380371094,199.009521484375,1.7613009214401243,54.09734344482422,,12.9296875,1,6516929
1740311787223.6348,33.491939544677734,199.0413360595703,1.7416142225265503,54.8528938293457,,12.9296875,1,6516949
1740311787245.2014,33.46737289428711,199.07992553710935,1.7350519895553589,54.55067443847656,,12.9296875,1,6516970
1740311787264.44,33.50666809082031,198.97634887695312,1.754738688468933,52.96401977539063,,12.9296875,1,6516990
1740311787284.7632,33.43394088745117,199.05026245117188,1.7088030576705933,54.62622833251953,,12.9296875,1,6517010
1740311787305.669,33.47737121582031,199.04278564453125,1.7350519895553589,54.02178955078125,,12.9296875,1,6517031
1740311787326.0698,33.494571685791016,199.0490264892578,1.7363643646240234,52.51068878173828,,12.9296875,1,6517052
1740311787349.8489,33.496829986572266,198.91830444335935,1.744239091873169,54.62622833251953,,12.9765625,1,6517073
1740311787368.8977,33.52042770385742,199.01785278320312,1.703553318977356,53.87067794799805,,12.9765625,1,6517095
1740311787392.546,33.48586654663086,198.90765380859372,1.7258648872375488,53.341793060302734,,12.9765625,1,6517115
1740311787411.2937,33.504676818847656,198.905029296875,1.7573635578155518,55.15511322021485,,12.9765625,1,6517136
1740311787430.5632,33.49747467041016,198.9871063232422,1.7350519895553589,53.79512405395508,,12.9140625,1,6517156
1740311787451.309,33.53693008422852,199.02682495117188,1.7298022508621216,54.24845504760742,,12.9140625,1,6517178
1740311787473.0322,33.48188781738281,199.02633666992188,1.7429265975952148,53.49290466308594,,12.9140625,1,6517198
1740311787493.4685,33.49274444580078,199.0431060791016,1.7324271202087402,55.53288650512695,,12.9140625,1,6517219
1740311787514.9958,33.533329010009766,198.8872833251953,1.7298022508621216,53.64401626586914,,12.96875,1,6517240
1740311787533.1047,33.515480041503906,199.04116821289065,1.7193026542663574,54.55067443847656,,12.96875,1,6517258
1740311787554.207,33.49989318847656,199.00645446777344,1.7061781883239746,53.41735076904297,,12.96875,1,6517279
1740311787578.3333,33.492530822753906,198.95333862304688,1.7429265975952148,52.888465881347656,,12.96875,1,6517304
1740311787596.87,33.48914337158203,198.99053955078125,1.7494888305664062,53.64401626586914,,12.890625,1,6517322
1740311787617.237,33.493927001953125,198.8154754638672,1.7061781883239746,51.67958450317383,,12.890625,1,6517343
1740311787637.082,33.509246826171875,199.0404815673828,1.7245523929595947,52.96401977539063,,12.890625,1,6517363
1740311787658.6206,33.51397705078125,199.04052734375,1.7376768589019775,53.79512405395508,,12.890625,1,6517384
1740311787679.1133,33.52762985229492,198.9431915283203,1.7088030576705933,54.09734344482422,,12.890625,1,6517405
1740311787699.6255,33.47780227661133,199.0149383544922,1.7271772623062134,55.07955932617188,,12.890625,1,6517425
1740311787719.2534,33.53327178955078,199.0219268798828,1.7166777849197388,53.87067794799805,,12.9765625,1,6517446
1740311787741.229,33.51854705810547,199.05052185058597,1.715365290641785,55.91066360473633,,12.9765625,1,6517466
1740311787760.8794,33.475006103515625,198.9091644287109,1.7337394952774048,54.02178955078125,,12.9765625,1,6517487
1740311787783.6736,33.509891510009766,199.0035552978516,1.7298022508621216,54.55067443847656,,12.9765625,1,6517509
1740311787804.2004,33.512847900390625,198.8583068847656,1.7298022508621216,54.02178955078125,,12.9921875,1,6517530
1740311787823.5078,33.55079650878906,199.02816772460935,1.7284897565841677,55.83510971069336,,12.9921875,1,6517549
1740311787845.0964,33.54461669921875,199.02810668945312,1.7481764554977417,52.43513488769531,,12.9921875,1,6517570
1740311787864.344,33.51531982421875,199.05616760253903,1.6930537223815918,55.004005432128906,,12.9921875,1,6517590
1740311787883.6787,33.52994155883789,198.81375122070312,1.7258648872375488,53.0395736694336,,12.953125,1,6517609
1740311787912.566,33.47543716430664,198.9984893798828,1.7232400178909302,52.96401977539063,,12.953125,1,6517630
1740311787926.099,33.53585433959961,199.05267333984372,1.7731128931045532,54.32400894165039,,12.953125,1,6517651
1740311787945.556,33.46070861816406,198.90765380859372,1.7166777849197388,52.51068878173828,,12.953125,1,6517671
1740311787966.5276,33.517417907714844,199.0435943603516,1.7586759328842163,54.92844772338867,,12.953125,1,6517692
1740311787987.2446,33.4838752746582,199.06198120117188,1.712740421295166,54.777339935302734,,12.953125,1,6517713
1740311788009.1592,33.52273941040039,199.04348754882807,1.7298022508621216,53.94623565673828,,12.84375,1,6517734
1740311788028.5334,33.52058792114258,199.0388641357422,1.721927523612976,55.30622482299805,,12.84375,1,6517754
1740311788048.266,33.56460952758789,198.8925018310547,1.7193026542663574,53.341793060302734,,12.84375,1,6517775
1740311788069.789,33.51945877075195,199.0343017578125,1.71405291557312,54.7017822265625,,12.84375,1,6517795
1740311788090.6648,33.51972961425781,198.9818878173828,1.7350519895553589,51.67958450317383,,12.859375,1,6517817
1740311788111.164,33.5395622253418,199.0135955810547,1.711427927017212,52.66180038452149,,12.859375,1,6517837
1740311788131.5764,33.51951217651367,199.0269927978516,1.694366216659546,53.568458557128906,,12.859375,1,6517858
1740311788153.0,33.566436767578125,198.87722778320312,1.7258648872375488,55.53288650512695,,12.859375,1,6517878
1740311788172.7131,33.51816940307617,198.96910095214844,1.7363643646240234,53.94623565673828,,12.859375,1,6517898
1740311788193.2886,33.50919342041016,198.99703979492188,1.731114625930786,54.32400894165039,,12.859375,1,6517919
1740311788213.8162,33.53451156616211,199.04478454589844,1.7088030576705933,54.17289733886719,,12.859375,1,6517940
1740311788235.3188,33.484466552734375,198.94894409179688,1.731114625930786,54.17289733886719,,12.84375,1,6517960
1740311788254.4907,33.483177185058594,199.0458984375,1.6930537223815918,53.0395736694336,,12.84375,1,6517980
1740311788275.014,33.47027587890625,198.9487762451172,1.7613009214401243,53.49290466308594,,12.84375,1,6518001
1740311788295.3354,33.491722106933594,199.0463409423828,1.703553318977356,54.32400894165039,,12.84375,1,6518022
1740311788326.4456,33.496829986572266,199.00897216796875,1.711427927017212,54.17289733886719,,12.9453125,1,6518042
1740311788335.7107,33.505645751953125,198.8114471435547,1.7468639612197876,53.341793060302734,,12.9453125,1,6518062
1740311788357.432,33.533058166503906,198.95425415039065,1.7166777849197388,54.62622833251953,,12.9453125,1,6518083
1740311788381.4314,33.54805374145508,199.0396728515625,1.717990159988403,52.73735427856445,,12.9453125,1,6518107
1740311788398.2976,33.497745513916016,198.99827575683597,1.7389893531799316,55.60844421386719,,12.84375,1,6518124
1740311788418.902,33.50978469848633,199.0262908935547,1.7350519895553589,54.62622833251953,,12.84375,1,6518144
1740311788450.6248,33.507041931152344,199.02203369140625,1.712740421295166,54.09734344482422,,12.84375,1,6518164
1740311788470.3916,33.50774002075195,199.0631103515625,1.7586759328842163,53.266239166259766,,12.84375,1,6518185
1740311788478.9824,33.524566650390625,198.92372131347656,1.731114625930786,54.02178955078125,,12.84375,1,6518205
1740311788502.8633,33.50306701660156,198.9666748046875,1.7324271202087402,53.41735076904297,,12.84375,1,6518228
1740311788520.52,33.45108795166016,198.97683715820312,1.7494888305664062,53.79512405395508,,12.90625,1,6518246
1740311788542.5234,33.51725387573242,198.89599609375,1.7232400178909302,54.32400894165039,,12.90625,1,6518268
1740311788561.385,33.488285064697266,199.04412841796875,1.7468639612197876,55.15511322021485,,12.90625,1,6518288
1740311788589.3171,33.50080871582031,199.01150512695312,1.721927523612976,57.497318267822266,,12.90625,1,6518315
1740311788602.9758,33.504676818847656,198.95501708984372,1.7271772623062134,53.71957015991211,,12.90625,1,6518329
1740311788624.077,33.46807098388672,198.8397216796875,1.731114625930786,54.17289733886719,,12.90625,1,6518350
1740311788644.4429,33.454097747802734,198.76483154296875,1.715365290641785,53.49290466308594,,12.90625,1,6518370
1740311788664.9336,33.45259094238281,199.0211334228516,1.7245523929595947,55.83510971069336,,12.90625,1,6518391
1740311788685.3298,33.48683166503906,199.0511779785156,1.6983035802841189,55.30622482299805,,12.890625,1,6518411
1740311788706.2366,33.46866226196289,198.98817443847656,1.7416142225265503,55.457332611083984,,12.890625,1,6518432
1740311788725.527,33.45420455932617,198.9543609619141,1.721927523612976,50.54626083374024,,12.890625,1,6518452
1740311788747.0845,33.520965576171875,198.97946166992188,1.7193026542663574,54.39956283569336,,12.890625,1,6518473
1740311788766.4602,33.49994659423828,198.9544677734375,1.7363643646240234,53.0395736694336,,12.890625,1,6518493
1740311788788.1396,33.48699188232422,198.92755126953125,1.7061781883239746,53.79512405395508,,12.9140625,1,6518514
1740311788809.0708,33.42458724975586,199.01806640625,1.7245523929595947,53.64401626586914,,12.9140625,1,6518535
1740311788829.403,33.488712310791016,199.0167236328125,1.7193026542663574,54.8528938293457,,12.9140625,1,6518555
1740311788862.8218,33.478553771972656,198.90631103515625,1.703553318977356,54.39956283569336,,12.9140625,1,6518576
1740311788871.8865,33.453453063964844,199.0797119140625,1.679929256439209,52.96401977539063,,12.9140625,1,6518598
1740311788892.2634,33.48398208618164,199.0298309326172,1.6996159553527832,52.0573616027832,,12.9140625,1,6518618
1740311788912.7903,33.459903717041016,199.0479431152344,1.7088030576705933,54.777339935302734,,12.9453125,1,6518639
1740311788933.1404,33.50053787231445,199.0597686767578,1.7232400178909302,52.888465881347656,,12.9453125,1,6518659
1740311788953.777,33.480220794677734,199.03756713867188,1.6983035802841189,53.266239166259766,,12.9453125,1,6518680
1740311788974.3423,33.491668701171875,199.0402069091797,1.71405291557312,56.061771392822266,,12.9453125,1,6518700
1740311788995.9893,33.49575424194336,198.9028167724609,1.6956785917282104,54.24845504760742,,12.859375,1,6518721
1740311789015.5193,33.467159271240234,199.07574462890625,1.670742154121399,53.0395736694336,,12.859375,1,6518741
1740311789043.7708,33.48188781738281,199.0751495361328,1.7245523929595947,56.28843688964844,,12.859375,1,6518762
1740311789056.4172,33.504085540771484,199.04037475585935,1.7245523929595947,54.24845504760742,,12.859375,1,6518783
1740311789080.3428,33.470062255859375,199.04849243164065,1.6917413473129272,55.91066360473633,,12.8828125,1,6518807
1740311789100.3738,33.453399658203125,198.96360778808597,1.6878039836883545,55.381778717041016,,12.8828125,1,6518826
1740311789121.306,33.475704193115234,198.8877716064453,1.752113699913025,53.11513137817383,,12.8828125,1,6518847
1740311789140.7305,33.4955940246582,199.0386962890625,1.7232400178909302,53.94623565673828,,12.8828125,1,6518866
1740311789162.1245,33.46280670166016,199.0419769287109,1.731114625930786,55.381778717041016,,12.8828125,1,6518887
1740311789183.9282,33.47640609741211,199.02919006347656,1.7166777849197388,53.79512405395508,,12.8828125,1,6518909
1740311789211.189,33.45888137817383,199.06509399414065,1.7245523929595947,54.17289733886719,,13.015625,1,6518927
1740311789220.4148,33.470706939697266,199.0372009277344,1.679929256439209,55.457332611083984,,13.015625,1,6518947
1740311789240.484,33.45490264892578,198.9874267578125,1.6654924154281616,53.79512405395508,,13.015625,1,6518967
1740311789264.4426,33.4838752746582,199.02671813964844,1.7350519895553589,52.43513488769531,,13.015625,1,6518989
1740311789293.8127,33.42980194091797,199.07272338867188,1.670742154121399,55.15511322021485,,12.8828125,1,6519008
1740311789305.392,33.430606842041016,199.0195159912109,1.6996159553527832,53.79512405395508,,12.8828125,1,6519031
1740311789325.7544,33.44275665283203,199.0239715576172,1.6668047904968262,54.39956283569336,,12.8828125,1,6519051
1740311789346.3728,33.43501663208008,198.96571350097656,1.6681172847747805,54.24845504760742,,12.8828125,1,6519073
1740311789366.8076,33.46248245239258,199.0406951904297,1.7048656940460205,53.0395736694336,,12.859375,1,6519093
1740311789387.2405,33.44571304321289,198.77967834472656,1.653680443763733,53.71957015991211,,12.859375,1,6519113
1740311789409.0642,33.46307373046875,198.94479370117188,1.689116358757019,53.41735076904297,,12.859375,1,6519135
1740311789429.327,33.48392868041992,198.8747100830078,1.8794208765029907,57.875091552734375,,12.859375,1,6519155
1740311789451.183,33.44474411010742,198.7466735839844,1.717990159988403,55.004005432128906,,12.859375,1,6519177
1740311789470.2168,33.43754196166992,198.5258026123047,1.6523679494857788,48.355167388916016,,12.859375,1,6519197
1740311789496.8013,33.43603515625,198.49484252929688,1.6549928188323977,40.724117279052734,,12.8203125,1,6519218
1740311789512.6506,33.407066345214844,198.4088897705078,0.8386521935462952,60.89728927612305,,12.8203125,1,6519238
1740311789539.7163,33.36857986450195,198.07913208007807,2.1419098377227783,-173.927490234375,,12.8203125,1,6519258
1740311789553.8696,33.30289459228516,198.0215606689453,1.589370608329773,-186.24295043945312,,12.8203125,1,6519280
1740311789581.511,33.27333068847656,197.77806091308597,1.5814958810806274,-203.16726684570312,,12.84375,1,6519307
1740311789597.136,33.28010177612305,197.6714782714844,1.484375,-219.1093597412109,,12.84375,1,6519323
1740311789615.3882,33.2545166015625,197.4908142089844,1.7691755294799805,-218.50491333007807,,12.84375,1,6519342
1740311789636.4094,33.17458724975586,197.18679809570312,1.653680443763733,-229.1581573486328,,12.84375,1,6519363
1740311789657.8904,33.14567184448242,196.9286193847656,1.3019452095031738,-229.00704956054688,,12.84375,1,6519383
1740311789677.261,33.14196014404297,196.8660125732422,1.3951287269592283,-233.91812133789065,,12.84375,1,6519404
1740311789698.644,33.068267822265625,196.637939453125,1.5303106307983398,-233.01145935058597,,12.84375,1,6519424
1740311789720.322,33.0960578918457,196.2418975830078,1.580183506011963,-232.3314666748047,,12.890625,1,6519445
1740311789739.592,33.08665084838867,196.1910400390625,1.4699381589889526,-235.05145263671875,,12.890625,1,6519465
1740311789760.4084,32.99086380004883,195.9743194580078,1.4463140964508057,-231.87814331054688,,12.890625,1,6519486
1740311789780.488,32.947540283203125,195.6242828369141,1.47518789768219,-231.3492584228516,,12.890625,1,6519506
1740311789801.394,32.88115692138672,195.40208435058597,1.5552470684051514,-227.0426177978516,,12.9765625,1,6519527
1740311789821.815,32.89674758911133,195.29139709472656,1.61299467086792,-222.9626617431641,,12.9765625,1,6519547
1740311789842.7031,32.890132904052734,195.1128387451172,1.458126187324524,-224.24708557128903,,12.9765625,1,6519568
1740311789860.3796,32.84159851074219,194.89401245117188,1.4646883010864258,-221.45155334472656,,12.9765625,1,6519587
1740311789880.8567,32.835147857666016,194.68788146972656,1.4896248579025269,-224.0204315185547,,13.0,1,6519607
1740311789906.3535,32.809505462646484,194.41574096679688,1.534247875213623,-222.43377685546875,,13.0,1,6519630
1740311789924.675,32.80112075805664,194.35574340820312,1.4568136930465698,-219.26046752929688,,13.0,1,6519650
1740311789942.7874,32.82729721069336,194.33285522460935,1.4738755226135254,-222.2826690673828,,13.0,1,6519669
1740311789964.265,32.75699234008789,194.21470642089844,1.4135030508041382,-220.99822998046875,,12.9765625,1,6519690
1740311789983.6628,32.68947982788086,194.24087524414065,1.4555011987686155,-216.69158935546875,,12.9765625,1,6519710
1740311790004.4414,32.73748016357422,194.34323120117188,1.5683715343475342,-216.4649353027344,,12.9765625,1,6519731
1740311790027.1775,32.71323776245117,194.446044921875,1.5014368295669556,-217.82492065429688,,12.9765625,1,6519753
1740311790047.7903,32.66394805908203,194.5896148681641,1.3780670166015625,-214.95382690429688,,12.9765625,1,6519773
1740311790068.3147,32.66007614135742,194.69126892089844,1.40169095993042,-219.7137908935547,,12.9765625,1,6519794
1740311790090.6152,32.62712860107422,194.90826416015625,1.4555011987686155,-216.5404815673828,,13.109375,1,6519815
1740311790109.681,32.534568786621094,194.8223114013672,1.4725630283355713,-216.16270446777344,,13.109375,1,6519836
1740311790130.6023,32.49726486206055,195.19534301757807,1.4423768520355225,-218.20269775390625,,13.109375,1,6519856
1740311790150.465,32.49296188354492,194.4095001220703,1.435814619064331,-217.74935913085935,,13.109375,1,6519876
1740311790171.6177,32.46184158325195,194.94615173339844,1.391191482543945,-215.40716552734372,,13.2109375,1,6519897
1740311790191.663,32.477806091308594,195.393798828125,1.4279398918151855,-217.37159729003903,,13.2109375,1,6519917
1740311790213.3835,32.41986083984375,195.1525115966797,1.4240025281906128,-219.56268310546875,,13.2109375,1,6519939
1740311790233.342,32.4249153137207,195.5347442626953,1.4804376363754272,-219.03379821777344,,13.2109375,1,6519959
1740311790254.444,32.367454528808594,195.9993133544922,1.4318772554397583,-214.95382690429688,,13.2109375,1,6519980
1740311790274.4758,32.33660125732422,196.68502807617188,1.40169095993042,-217.4471435546875,,13.390625,1,6520000
1740311790294.5415,32.3055305480957,195.85031127929688,1.4450017213821411,-215.7093811035156,,13.390625,1,6520020
1740311790313.536,32.31235885620117,196.27468872070312,1.4292523860931396,-215.33160400390625,,13.390625,1,6520040
1740311790335.4868,32.24457550048828,196.37841796875,1.403003454208374,-215.7093811035156,,13.390625,1,6520061
1740311790355.259,32.234256744384766,196.3653106689453,1.4148154258728027,-215.93605041503903,,13.390625,1,6520082
1740311790375.2815,32.18614959716797,196.3751983642578,1.4502514600753784,-216.4649353027344,,13.390625,1,6520102
1740311790397.319,32.194427490234375,196.54150390625,1.4279398918151855,-215.33160400390625,,13.640625,1,6520123
1740311790417.2407,32.15056610107422,196.38864135742188,1.4463140964508057,-216.38937377929688,,13.640625,1,6520143
1740311790437.223,32.169700622558594,196.6233673095703,1.3872541189193726,-216.9938201904297,,13.640625,1,6520164
1740311790459.18,32.105735778808594,196.5780029296875,1.4200652837753296,-215.6338348388672,,13.640625,1,6520185
1740311790478.4995,32.07843017578125,196.73887634277344,1.4200652837753296,-217.37159729003903,,13.8046875,1,6520205
1740311790501.2795,32.05015563964844,196.55914306640625,1.4463140964508057,-214.7271728515625,,13.8046875,1,6520227
1740311790522.8977,32.01113510131836,196.7208709716797,1.4555011987686155,-220.0160217285156,,13.8046875,1,6520249
1740311790555.9033,31.971141815185547,196.54913330078125,1.391191482543945,-218.7315826416016,,13.8046875,1,6520269
1740311790565.2393,31.95533943176269,196.8445587158203,1.4410643577575684,-212.00718688964844,,14.125,1,6520291
1740311790592.4685,31.89067649841309,196.72415161132807,1.4266273975372314,-215.4827117919922,,14.125,1,6520318
1740311790605.6794,31.892719268798828,196.7115173339844,1.47518789768219,-216.5404815673828,,14.125,1,6520332
1740311790626.9866,31.897071838378903,196.9122314453125,1.4896248579025269,-216.69158935546875,,14.125,1,6520353
1740311790648.268,31.85175895690918,196.83128356933597,1.4489389657974243,-215.8604888916016,,14.453125,1,6520373
1740311790669.1167,31.76016616821289,196.94329833984372,1.412190556526184,-216.5404815673828,,14.453125,1,6520394
1740311790689.869,31.80225372314453,196.92991638183597,1.3885666131973269,-215.78494262695312,,14.453125,1,6520415
1740311790709.1829,31.789138793945312,196.9273376464844,1.4069408178329468,-215.8604888916016,,14.453125,1,6520435
1740311790729.7617,31.77725982666016,196.91331481933597,1.343943476676941,-214.1982879638672,,14.453125,1,6520456
1740311790750.7913,31.76226234436035,196.82489013671875,1.3820043802261353,-216.5404815673828,,14.453125,1,6520477
1740311790770.7124,31.71985244750977,196.87181091308597,1.4266273975372314,-215.1804962158203,,14.8203125,1,6520497
1740311790792.2825,31.649921417236328,196.66331481933597,1.3465683460235596,-215.2560577392578,,14.8203125,1,6520518
1740311790812.443,31.644493103027344,196.86138916015625,1.362317681312561,-217.1449279785156,,14.8203125,1,6520538
1740311790833.6516,31.618370056152344,196.79983520507807,1.4095656871795654,-217.59825134277344,,14.8203125,1,6520559
1740311790854.017,31.62433624267578,196.8504180908203,1.393816351890564,-217.74935913085935,,15.0546875,1,6520580
1740311790875.481,31.62009048461914,196.82676696777344,1.384629249572754,-215.78494262695312,,15.0546875,1,6520601
1740311790896.7546,31.59617042541504,196.7757568359375,1.425315022468567,-216.4649353027344,,15.0546875,1,6520622
1740311790917.4202,31.649707794189453,196.67239379882807,1.3780670166015625,-215.1804962158203,,15.0546875,1,6520643
1740311790938.2751,31.610307693481445,196.7060394287109,1.3334438800811768,-215.40716552734372,,15.4296875,1,6520664
1740311790957.872,31.62815284729004,196.70458984375,1.3885666131973269,-215.93605041503903,,15.4296875,1,6520684
1740311790980.0603,31.63164710998535,196.7272186279297,1.4226901531219482,-215.33160400390625,,15.4296875,1,6520706
1740311791000.0154,31.57397079467773,196.4220733642578,1.4292523860931396,-213.66940307617188,,15.4296875,1,6520726
1740311791019.6853,31.57090759277344,196.6135406494141,1.4187527894973757,-213.44273376464844,,15.4296875,1,6520746
1740311791041.6123,31.54747200012207,196.6084747314453,1.4135030508041382,-217.2204742431641,,15.4296875,1,6520768
1740311791063.3271,31.49173164367676,196.37820434570312,1.379379391670227,-216.0115966796875,,15.4296875,1,6520788
1740311791083.9,31.491891860961918,196.43438720703125,1.4148154258728027,-215.40716552734372,,15.8203125,1,6520809
1740311791106.714,31.50441551208496,196.44808959960935,1.3885666131973269,-216.38937377929688,,15.8203125,1,6520832
1740311791125.737,31.47995948791504,196.42051696777344,1.4069408178329468,-215.33160400390625,,15.8203125,1,6520851
1740311791146.6816,31.474475860595703,196.40594482421875,1.312444806098938,-215.1804962158203,,15.8203125,1,6520872
1740311791167.2217,31.476518630981445,196.15061950683597,1.3649425506591797,-215.7093811035156,,16.078125,1,6520892
1740311791187.0754,31.45157814025879,196.2711944580078,1.3964412212371826,-217.06936645507807,,16.078125,1,6520913
1740311791208.071,31.380840301513672,196.24624633789065,1.3452558517456057,-212.98941040039065,,16.078125,1,6520934
1740311791227.7163,31.368209838867188,196.09950256347656,1.3767545223236084,-215.40716552734372,,16.078125,1,6520954
1740311791249.6003,31.363317489624023,195.85870361328125,1.338693618774414,-215.0293884277344,,16.078125,1,6520975
1740311791270.479,31.377614974975582,196.0860748291016,1.4174402952194214,-213.14051818847656,,16.078125,1,6520996
1740311791290.5266,31.39927864074707,195.98114013671875,1.3977537155151367,-214.50050354003903,,16.390625,1,6521016
1740311791309.6863,31.32666015625,195.97979736328125,1.3518180847167969,-216.31382751464844,,16.390625,1,6521036
1740311791330.822,31.39562225341797,195.85299682617188,1.3820043802261353,-216.4649353027344,,16.390625,1,6521057
1740311791350.9895,31.36788749694824,195.90890502929688,1.3242567777633667,-214.04718017578125,,16.390625,1,6521077
1740311791372.4053,31.326282501220703,195.8319854736328,1.3570679426193235,-212.8382873535156,,16.796875,1,6521098
1740311791393.6487,31.334022521972656,195.7672119140625,1.343943476676941,-213.89605712890625,,16.796875,1,6521119
1740311791414.1638,31.374605178833008,195.8137664794922,1.3780670166015625,-214.57606506347656,,16.796875,1,6521140
1740311791435.1543,31.342086791992188,195.72146606445312,1.3570679426193235,-214.50050354003903,,16.796875,1,6521160
1740311791457.0564,31.288442611694336,195.5914459228516,1.405628323554993,-213.5938415527344,,17.171875,1,6521183
1740311791475.8325,31.31117820739746,195.4937744140625,1.3872541189193726,-213.5938415527344,,17.171875,1,6521202
1740311791498.543,31.29989051818848,195.60704040527344,1.408253192901611,-216.2382659912109,,17.171875,1,6521224
1740311791518.8174,31.309619903564453,195.5675811767578,1.3885666131973269,-216.5404815673828,,17.171875,1,6521244
1740311791538.462,31.299999237060547,195.5790863037109,1.3636300563812256,-213.97161865234372,,17.171875,1,6521264
1740311791559.659,31.293764114379883,195.56419372558597,1.361005187034607,-216.16270446777344,,17.171875,1,6521285
1740311791581.3147,31.259254455566406,195.55618286132807,1.3859416246414185,-215.4827117919922,,17.5234375,1,6521307
1740311791599.7102,31.2311954498291,195.6210021972656,1.361005187034607,-217.522705078125,,17.5234375,1,6521325
1740311791620.3967,31.19706344604492,195.54904174804688,1.361005187034607,-215.10494995117188,,17.5234375,1,6521346
1740311791640.1963,31.23447608947754,195.8850860595703,1.3544429540634155,-217.2960357666016,,17.5234375,1,6521366
1740311791661.443,31.23350715637207,195.99652099609372,1.3544429540634155,-213.51829528808597,,17.796875,1,6521387
1740311791682.474,31.18878555297852,196.1888885498047,1.3636300563812256,-213.3671722412109,,17.796875,1,6521408
1740311791701.9634,31.143903732299805,196.37713623046875,1.362317681312561,-211.47830200195312,,17.796875,1,6521428
1740311791722.7488,31.087196350097656,196.37681579589844,1.3505057096481323,-208.68276977539065,,17.796875,1,6521449
1740311791743.6414,31.086336135864254,196.65223693847656,1.229760766029358,-202.78948974609372,,18.09375,1,6521470
1740311791764.8691,31.08090591430664,197.1568603515625,1.4240025281906128,-187.1496124267578,,18.09375,1,6521490
1740311791784.0044,31.08085250854492,197.65158081054688,1.563121676445007,-175.4385986328125,,18.09375,1,6521510
1740311791806.1045,31.0118350982666,197.59869384765625,1.6379311084747314,-153.14988708496094,,18.09375,1,6521532
1740311791827.349,31.036346435546875,197.86761474609372,1.452876329421997,-120.9634780883789,,18.09375,1,6521553
1740311791847.5657,30.995119094848636,197.93663024902344,1.40169095993042,-95.72811889648438,,18.09375,1,6521573
1740311791866.7922,31.00248336791992,197.92410278320312,1.4699381589889526,-78.12381744384766,,18.3515625,1,6521593
1740311791889.1062,30.985658645629883,198.49290466308597,1.5211235284805298,-7.706604957580566,,18.3515625,1,6521614
1740311791910.2156,31.038066864013672,198.8598175048828,1.3150696754455566,51.98180389404297,,18.3515625,1,6521636
1740311791930.433,31.031078338623047,198.8283233642578,1.2651968002319336,24.78202438354492,,18.3515625,1,6521656
1740311791950.8872,30.997053146362305,199.0253143310547,1.754738688468933,40.04412460327149,,18.6328125,1,6521677
1740311791972.7886,30.97856330871582,199.0348358154297,1.6326812505722046,51.07514572143555,,18.6328125,1,6521698
1740311791991.7002,30.962814331054688,199.31788635253903,1.46600079536438,50.09293365478516,,18.6328125,1,6521718
1740311792012.012,30.978025436401367,199.455810546875,1.4266273975372314,48.9596061706543,,18.6328125,1,6521738
1740311792033.8955,30.96528625488281,199.50543212890625,1.4384394884109497,49.79071044921875,,18.6328125,1,6521760
1740311792053.8923,30.926424026489254,199.6406097412109,1.5788710117340088,48.9596061706543,,18.765625,1,6521779
1740311792073.4146,30.997377395629883,199.7347412109375,1.484375,48.65738677978516,,18.765625,1,6521799
1740311792094.3752,30.940507888793945,199.9227600097656,1.517186164855957,48.355167388916016,,18.765625,1,6521820
1740311792115.7412,30.961200714111328,199.99473571777344,1.515873670578003,45.63518905639648,,18.765625,1,6521841
1740311792137.0457,30.959266662597656,200.1029815673828,1.4266273975372314,49.86626815795898,,18.890625,1,6521863
1740311792156.746,30.95883560180664,200.13739013671875,1.4804376363754272,47.29739761352539,,18.890625,1,6521883
1740311792177.704,31.019790649414062,200.0769195556641,1.5184985399246216,47.14628982543945,,18.890625,1,6521904
1740311792197.9114,30.98872184753418,200.26031494140625,1.515873670578003,48.12850189208984,,18.890625,1,6521924
1740311792218.6167,30.946311950683597,200.26397705078125,1.404315948486328,48.27961349487305,,18.890625,1,6521945
1740311792239.1726,30.947710037231445,200.20957946777344,1.4555011987686155,47.22184371948242,,18.890625,1,6521965
1740311792259.7192,31.001514434814453,200.4417266845703,1.507999062538147,48.05294799804688,,18.8046875,1,6521986
1740311792279.961,30.957386016845703,200.546875,1.452876329421997,48.50627899169922,,18.8046875,1,6522006
1740311792304.5525,30.992969512939453,200.52671813964844,1.4961869716644287,46.46629333496094,,18.8046875,1,6522026
1740311792321.7866,30.96808242797852,200.5547637939453,1.5053741931915283,48.12850189208984,,18.8046875,1,6522047
1740311792341.7246,30.942495346069336,200.5637969970703,1.4594385623931885,47.22184371948242,,18.9296875,1,6522067
1740311792364.1316,30.980283737182617,200.6059417724609,1.4279398918151855,46.61740493774414,,18.9296875,1,6522089
1740311792382.8994,30.93873405456543,200.6075592041016,1.5289981365203855,48.355167388916016,,18.9296875,1,6522108
1740311792402.0598,30.956148147583008,200.44430541992188,1.4738755226135254,46.61740493774414,,18.9296875,1,6522128
1740311792423.2046,30.935131072998047,200.5594482421875,1.4725630283355713,45.71074295043945,,19.0625,1,6522149
1740311792443.7827,30.935937881469727,200.54283142089844,1.4384394884109497,46.69295883178711,,19.0625,1,6522170
1740311792465.127,30.89497947692871,200.5248260498047,1.4594385623931885,48.12850189208984,,19.0625,1,6522191
1740311792485.8796,30.92997169494629,200.642333984375,1.4909372329711914,46.61740493774414,,19.0625,1,6522211
1740311792507.2097,30.960878372192383,200.6545867919922,1.4423768520355225,47.75072860717773,,19.0625,1,6522233
1740311792528.8591,30.98662567138672,200.57583618164065,1.4384394884109497,48.80849838256836,,19.0625,1,6522255
1740311792549.888,30.95733070373535,200.6376037597656,1.452876329421997,47.75072860717773,,19.109375,1,6522276
1740311792570.18,31.019790649414062,200.61410522460935,1.467313289642334,47.52406311035156,,19.109375,1,6522296
1740311792596.8132,30.946474075317383,200.5991668701172,1.4686256647109983,48.50627899169922,,19.109375,1,6522322
1740311792615.8774,31.000547409057617,200.63819885253903,1.4883123636245728,49.41293716430664,,19.109375,1,6522341
1740311792635.71,30.975231170654297,200.62405395507807,1.4738755226135254,47.52406311035156,,19.328125,1,6522361
1740311792656.7163,30.986948013305664,200.5676727294922,1.4489389657974243,47.675174713134766,,19.328125,1,6522381
1740311792675.87,30.999311447143555,200.412109375,1.412190556526184,47.675174713134766,,19.328125,1,6522401
1740311792697.106,31.020973205566406,200.57427978515625,1.443689227104187,50.3951530456543,,19.328125,1,6522422
1740311792718.548,30.983991622924805,200.46060180664065,1.4738755226135254,48.80849838256836,,19.65625,1,6522443
1740311792738.5684,30.98404693603516,200.5533142089844,1.484375,47.75072860717773,,19.65625,1,6522464
1740311792759.6606,30.9735107421875,200.4370574951172,1.46600079536438,49.33738327026367,,19.65625,1,6522485
1740311792777.6768,30.974693298339844,200.5382080078125,1.4502514600753784,48.65738677978516,,19.65625,1,6522504
1740311792798.973,30.96195411682129,200.32159423828125,1.4594385623931885,46.1640739440918,,19.65625,1,6522525
1740311792820.0715,30.9765739440918,200.5070343017578,1.4607510566711426,45.71074295043945,,19.65625,1,6522546
1740311792840.4429,30.970178604125977,200.53778076171875,1.485687494277954,49.56404876708984,,19.9140625,1,6522566
1740311792862.665,31.030702590942383,200.40249633789065,1.525060772895813,47.59961700439453,,19.9140625,1,6522588
1740311792882.7617,30.985389709472656,200.5019378662109,1.4974994659423828,46.315185546875,,19.9140625,1,6522609
1740311792904.1738,30.996570587158203,200.50865173339844,1.4633759260177612,47.372955322265625,,19.9140625,1,6522630
1740311792924.7896,30.990657806396484,200.4877471923828,1.4909372329711914,48.50627899169922,,20.3359375,1,6522651
1740311792946.775,30.975231170654297,200.47006225585935,1.4896248579025269,46.08852005004883,,20.3359375,1,6522672
1740311792965.8762,30.966737747192383,200.3971710205078,1.458126187324524,49.56404876708984,,20.3359375,1,6522692
1740311792987.4685,31.007104873657227,200.2525787353516,1.4896248579025269,48.65738677978516,,20.3359375,1,6522713
1740311793009.1082,31.003665924072266,200.41867065429688,1.4778127670288086,47.59961700439453,,20.3359375,1,6522735
1740311793029.2356,30.99565696716309,200.31626892089844,1.4476265907287598,49.79071044921875,,20.3359375,1,6522754
1740311793051.028,30.98888397216797,200.2364044189453,1.4555011987686155,45.78630065917969,,20.3359375,1,6522775
1740311793070.27,31.018877029418945,200.40872192382807,1.476500391960144,46.84407043457031,,20.8359375,1,6522795
1740311793091.9165,30.971574783325195,200.45877075195312,1.46600079536438,48.05294799804688,,20.8359375,1,6522816
1740311793109.5564,31.00860977172852,200.41726684570312,1.4646883010864258,49.26182556152344,,20.8359375,1,6522835
1740311793130.2402,31.01823234558105,200.4357147216797,1.5145612955093384,46.61740493774414,,20.8359375,1,6522856
1740311793150.1152,31.01344871520996,200.32568359375,1.4883123636245728,49.56404876708984,,21.25,1,6522876
1740311793172.1318,31.015329360961918,200.41163635253903,1.4686256647109983,50.24404144287109,,21.25,1,6522897
1740311793192.4402,31.041183471679688,200.4171600341797,1.4909372329711914,49.33738327026367,,21.25,1,6522918
1740311793213.7058,31.016942977905277,200.4095916748047,1.49356210231781,47.75072860717773,,21.25,1,6522939
1740311793234.6892,31.00678253173828,200.3692779541016,1.4830626249313354,48.20405960083008,,21.65625,1,6522960
1740311793254.812,30.964963912963867,200.23855590820312,1.4699381589889526,46.46629333496094,,21.65625,1,6522980
1740311793273.784,31.00839614868164,200.28794860839844,1.4883123636245728,46.99517822265625,,21.65625,1,6523000
1740311793293.868,30.995012283325195,200.1646881103516,1.4646883010864258,46.315185546875,,21.65625,1,6523020
1740311793314.902,30.99845123291016,200.37088012695312,1.4594385623931885,49.1107177734375,,22.0625,1,6523041
1740311793335.1487,30.98404693603516,200.11062622070312,1.526373267173767,48.73294448852539,,22.0625,1,6523061
1740311793356.7622,31.0068359375,200.22000122070312,1.4961869716644287,47.07073211669922,,22.0625,1,6523082
1740311793377.5269,30.975929260253903,200.1312561035156,1.4594385623931885,48.20405960083008,,22.0625,1,6523103
1740311793397.5198,30.992431640625,200.22113037109372,1.484375,47.675174713134766,,22.0625,1,6523123
1740311793416.8357,31.011728286743164,200.2298889160156,1.49356210231781,48.12850189208984,,22.0625,1,6523143
1740311793438.0464,30.98667907714844,200.10873413085935,1.4541888236999512,47.90183639526367,,22.4609375,1,6523164
1740311793460.5278,30.95244026184082,200.10411071777344,1.425315022468567,49.63960266113281,,22.4609375,1,6523186
1740311793479.7476,31.000978469848636,200.2600555419922,1.4686256647109983,46.84407043457031,,22.4609375,1,6523206
1740311793499.971,31.005922317504883,200.27806091308597,1.4594385623931885,46.239627838134766,,22.4609375,1,6523226
1740311793520.069,30.978347778320312,200.2884826660156,1.4883123636245728,49.63960266113281,,22.921875,1,6523246
1740311793540.9614,30.957439422607425,200.0669708251953,1.5184985399246216,46.69295883178711,,22.921875,1,6523267
1740311793560.9656,31.035755157470703,200.25950622558597,1.5211235284805298,49.63960266113281,,22.921875,1,6523287
1740311793583.8027,31.03086280822754,200.24639892578125,1.47518789768219,49.41293716430664,,22.921875,1,6523309
1740311793604.5107,31.015867233276367,200.2479553222656,1.5014368295669556,46.76851272583008,,23.2734375,1,6523330
1740311793626.4114,30.98662567138672,200.2709045410156,1.4817501306533811,50.09293365478516,,23.2734375,1,6523352
1740311793646.162,30.993452072143555,200.18942260742188,1.5303106307983398,46.91962432861328,,23.2734375,1,6523372
1740311793666.4585,30.948461532592773,200.07525634765625,1.47518789768219,47.97739410400391,,23.2734375,1,6523392
1740311793687.8745,30.95969581604004,200.27096557617188,1.4397518634796145,47.8262825012207,,23.2734375,1,6523414
1740311793708.8384,31.01409339904785,200.23231506347656,1.4555011987686155,48.88405227661133,,23.2734375,1,6523435
1740311793728.7454,31.01328659057617,200.2424774169922,1.4869998693466189,48.12850189208984,,23.2734375,1,6523455
1740311793748.9924,30.98490524291992,200.1439971923828,1.4830626249313354,48.12850189208984,,23.609375,1,6523475
1740311793770.7158,30.99054908752441,200.23199462890625,1.484375,47.29739761352539,,23.609375,1,6523496
1740311793790.6946,31.03080940246582,200.00865173339844,1.5001243352890017,50.54626083374024,,23.609375,1,6523516
1740311793809.7417,31.01344871520996,200.11309814453125,1.4397518634796145,49.18627166748047,,23.609375,1,6523536
1740311793830.836,31.001354217529297,200.0626220703125,1.5106239318847656,46.1640739440918,,23.9609375,1,6523557
1740311793850.9456,31.00124740600586,200.14329528808597,1.4686256647109983,46.99517822265625,,23.9609375,1,6523577
1740311793870.0195,31.018285751342773,200.15614318847656,1.4778127670288086,47.22184371948242,,23.9609375,1,6523596
1740311793892.611,30.996139526367188,200.1138916015625,1.515873670578003,48.27961349487305,,23.9609375,1,6523618
1740311793913.4036,31.03511047363281,200.1693115234375,1.526373267173767,49.18627166748047,,24.2890625,1,6523639
1740311793934.496,31.04688262939453,200.1900177001953,1.4896248579025269,47.8262825012207,,24.2890625,1,6523660
1740311793954.6567,31.042097091674805,200.07492065429688,1.4804376363754272,48.12850189208984,,24.2890625,1,6523680
1740311793973.898,31.02457427978516,200.0820159912109,1.4371269941329956,48.58183288574219,,24.2890625,1,6523700
1740311793993.808,30.996248245239254,199.99887084960935,1.498811960220337,49.26182556152344,,24.2890625,1,6523720
1740311794013.8066,31.006031036376957,199.95054626464844,1.50274920463562,50.47070693969727,,24.2890625,1,6523740
1740311794034.839,31.032154083251957,200.02365112304688,1.5132488012313845,48.05294799804688,,24.5234375,1,6523761
1740311794057.7993,31.04188346862793,200.08782958984372,1.4646883010864258,50.69737243652344,,24.5234375,1,6523783
1740311794076.665,31.024736404418945,200.13668823242188,1.4515639543533323,49.1107177734375,,24.5234375,1,6523802
1740311794098.5745,30.991195678710938,200.1328125,1.4830626249313354,47.75072860717773,,24.5234375,1,6523824
1740311794118.493,31.014522552490234,199.95452880859372,1.4725630283355713,49.26182556152344,,24.859375,1,6523844
1740311794140.5215,31.01264190673828,199.9762420654297,1.4883123636245728,47.97739410400391,,24.859375,1,6523866
1740311794160.5776,30.99823570251465,200.1006774902344,1.5053741931915283,46.99517822265625,,24.859375,1,6523886
1740311794179.891,31.04123878479004,200.090576171875,1.507999062538147,50.6218147277832,,24.859375,1,6523906
1740311794201.0134,31.02758407592773,200.01467895507807,1.4699381589889526,49.1107177734375,,25.1484375,1,6523926
1740311794220.9668,31.014684677124023,199.9780731201172,1.46600079536438,49.56404876708984,,25.1484375,1,6523947
1740311794242.2466,31.0198974609375,199.9082489013672,1.5184985399246216,48.43072128295898,,25.1484375,1,6523967
1740311794263.4087,31.026939392089844,200.0389709472656,1.5066865682601929,48.05294799804688,,25.1484375,1,6523989
1740311794283.588,31.034303665161133,200.0426177978516,1.484375,46.61740493774414,,25.3671875,1,6524009
1740311794303.1897,30.98909950256348,200.03794860839844,1.4909372329711914,49.41293716430664,,25.3671875,1,6524029
1740311794323.28,30.996461868286133,200.0672912597656,1.4620634317398071,49.41293716430664,,25.3671875,1,6524049
1740311794345.5295,31.01919937133789,200.0132751464844,1.5001243352890017,47.52406311035156,,25.3671875,1,6524070
1740311794365.8926,31.016565322875977,200.0072479248047,1.4699381589889526,48.05294799804688,,25.3671875,1,6524092
1740311794385.3716,31.018016815185547,200.01998901367188,1.4633759260177612,46.69295883178711,,25.3671875,1,6524111
1740311794407.2625,30.98431396484375,200.054443359375,1.5001243352890017,46.91962432861328,,25.3671875,1,6524133
1740311794425.8003,31.004148483276367,199.8995361328125,1.4778127670288086,47.97739410400391,,25.6875,1,6524152
1740311794446.3408,30.99312973022461,199.78021240234372,1.5184985399246216,49.56404876708984,,25.6875,1,6524172
1740311794467.807,30.986196517944336,199.9881134033203,1.4948745965957642,47.07073211669922,,25.6875,1,6524194
1740311794489.7278,30.992162704467773,199.9739227294922,1.5119363069534302,50.09293365478516,,25.6875,1,6524215
1740311794509.0806,30.99253845214844,199.95425415039065,1.5289981365203855,48.65738677978516,,25.96875,1,6524235
1740311794532.3289,31.016027450561523,199.9665069580078,1.5184985399246216,48.27961349487305,,25.96875,1,6524258
1740311794551.289,31.001998901367188,200.0045623779297,1.4830626249313354,47.448509216308594,,25.96875,1,6524277
1740311794571.5964,30.973403930664062,199.87405395507807,1.5198110342025757,47.675174713134766,,25.96875,1,6524297
1740311794593.6223,30.990013122558597,199.87652587890625,1.4686256647109983,48.80849838256836,,25.96875,1,6524319
1740311794613.3682,30.95894432067871,199.8168182373047,1.4804376363754272,48.88405227661133,,25.96875,1,6524339
1740311794634.0027,30.96528625488281,199.93695068359372,1.4686256647109983,47.8262825012207,,26.1875,1,6524360
1740311794653.881,30.98404693603516,199.80213928222656,1.5014368295669556,46.315185546875,,26.1875,1,6524379
1740311794672.877,31.000762939453125,199.915283203125,1.5224359035491943,47.448509216308594,,26.1875,1,6524399
1740311794694.704,30.99382972717285,199.95263671875,1.5145612955093384,46.01296615600586,,26.1875,1,6524420
1740311794715.5903,30.9824333190918,199.7841796875,1.5198110342025757,46.99517822265625,,26.2890625,1,6524441
1740311794734.7417,31.04048538208008,199.8669586181641,1.5237483978271484,47.22184371948242,,26.2890625,1,6524460
1740311794754.8662,31.010921478271484,199.90652465820312,1.4633759260177612,46.84407043457031,,26.2890625,1,6524480
1740311794773.859,31.00221443176269,199.93592834472656,1.4896248579025269,47.448509216308594,,26.2890625,1,6524500
1740311794794.026,30.962814331054688,199.70431518554688,1.4830626249313354,46.315185546875,,26.2890625,1,6524520
1740311794814.89,30.997859954833984,199.8796539306641,1.46600079536438,49.71515655517578,,26.5859375,1,6524541
1740311794836.0967,31.00973892211914,199.88357543945312,1.534247875213623,48.80849838256836,,26.5859375,1,6524562
1740311794857.7244,31.00511741638184,199.6788330078125,1.4896248579025269,48.12850189208984,,26.5859375,1,6524583
1740311794878.9475,30.996139526367188,199.88856506347656,1.5001243352890017,47.448509216308594,,26.5859375,1,6524604
1740311794899.0234,30.99587059020996,199.89163208007807,1.4830626249313354,46.61740493774414,,26.5859375,1,6524625
1740311794920.2288,30.983991622924805,199.66636657714844,1.4804376363754272,48.20405960083008,,26.5859375,1,6524646
1740311794939.2751,31.008825302124023,199.8177795410156,1.515873670578003,47.8262825012207,,26.8125,1,6524665
1740311794959.2356,30.985496520996094,199.88185119628903,1.5119363069534302,49.18627166748047,,26.8125,1,6524685
1740311794979.5007,30.982755661010746,199.61572265625,1.5184985399246216,48.80849838256836,,26.8125,1,6524705
1740311794999.6985,31.000600814819336,199.84149169921875,1.5329355001449585,47.448509216308594,,26.8125,1,6524725
1740311795020.9229,31.02210235595703,199.80062866210935,1.4896248579025269,46.46629333496094,,26.953125,1,6524746
1740311795039.1562,31.013771057128903,199.84132385253903,1.4909372329711914,47.59961700439453,,26.953125,1,6524765
1740311795058.9417,31.02699279785156,199.77574157714844,1.4948745965957642,50.168487548828125,,26.953125,1,6524785
1740311795079.199,31.010814666748047,199.79568481445312,1.46600079536438,48.73294448852539,,26.953125,1,6524805
1740311795100.4512,30.970178604125977,199.8075714111328,1.485687494277954,46.54185104370117,,27.125,1,6524826
1740311795121.8184,31.017210006713867,199.6376037597656,1.4922497272491455,48.50627899169922,,27.125,1,6524847
1740311795142.9685,31.000600814819336,199.8009033203125,1.5014368295669556,48.12850189208984,,27.125,1,6524868
1740311795163.711,30.983346939086918,199.5594024658203,1.5276857614517212,47.14628982543945,,27.125,1,6524889
1740311795183.9023,31.04123878479004,199.79396057128903,1.5526221990585327,45.937408447265625,,27.3203125,1,6524909
1740311795203.3494,30.96700668334961,199.80612182617188,1.50274920463562,47.90183639526367,,27.3203125,1,6524929
1740311795224.2046,31.041399002075195,199.81089782714844,1.5132488012313845,48.355167388916016,,27.3203125,1,6524950
1740311795245.7627,31.01086807250977,199.74859619140625,1.4791252613067627,47.8262825012207,,27.3203125,1,6524971
1740311795265.1924,31.00431060791016,199.7978973388672,1.5014368295669556,46.54185104370117,,27.3203125,1,6524991
1740311795286.244,31.004417419433597,199.7473602294922,1.55787193775177,47.22184371948242,,27.3203125,1,6525012
1740311795306.914,30.99581718444824,199.7985382080078,1.525060772895813,48.80849838256836,,27.46875,1,6525033
1740311795327.0938,30.98969078063965,199.75462341308597,1.54868483543396,48.20405960083008,,27.46875,1,6525053
1740311795349.3162,31.00124740600586,199.78176879882807,1.4712505340576172,48.12850189208984,,27.46875,1,6525075
1740311795369.4766,31.02145767211914,199.7570343017578,1.5001243352890017,48.73294448852539,,27.46875,1,6525095
1740311795390.4375,31.01188850402832,199.75624084472656,1.5093114376068115,48.05294799804688,,27.703125,1,6525116
1740311795410.4373,31.005868911743164,199.76499938964844,1.4909372329711914,47.448509216308594,,27.703125,1,6525136
1740311795431.6711,30.98087501525879,199.7777862548828,1.5040616989135742,48.80849838256836,,27.703125,1,6525157
1740311795453.5789,31.013717651367188,199.5517120361328,1.4725630283355713,50.6218147277832,,27.703125,1,6525179
1740311795483.4456,31.0126953125,199.7403259277344,1.526373267173767,49.56404876708984,,27.859375,1,6525204
1740311795494.304,31.007051467895508,199.74693298339844,1.4896248579025269,47.8262825012207,,27.859375,1,6525220
1740311795517.6897,30.99076461791992,199.55224609375,1.4778127670288086,47.90183639526367,,27.859375,1,6525242
1740311795537.5264,30.96259880065918,199.7095184326172,1.515873670578003,46.46629333496094,,27.859375,1,6525263
1740311795557.9592,31.01995277404785,199.62196350097656,1.484375,51.52847671508789,,27.859375,1,6525283
1740311795578.456,31.024627685546875,199.50392150878903,1.5184985399246216,48.58183288574219,,27.859375,1,6525304
1740311795600.248,31.012266159057617,199.63034057617188,1.5184985399246216,47.29739761352539,,28.0703125,1,6525326
1740311795618.739,31.01129722595215,199.7093048095703,1.4922497272491455,48.27961349487305,,28.0703125,1,6525345
1740311795640.6882,30.99845123291016,199.66888427734372,1.5053741931915283,49.41293716430664,,28.0703125,1,6525366
1740311795662.5688,30.943086624145508,199.6276092529297,1.4909372329711914,46.315185546875,,28.0703125,1,6525388
1740311795681.785,30.98221778869629,199.5296173095703,1.4804376363754272,47.448509216308594,,28.0703125,1,6525408
1740311795703.5024,31.010330200195312,199.6276092529297,1.4778127670288086,47.8262825012207,,28.1640625,1,6525429
1740311795722.1052,31.0294132232666,199.6546936035156,1.5289981365203855,48.80849838256836,,28.1640625,1,6525448
1740311795743.271,30.99474334716797,199.5999298095703,1.5368728637695312,49.1107177734375,,28.1640625,1,6525469
1740311795763.0186,31.023929595947266,199.49908447265625,1.5132488012313845,50.69737243652344,,28.1640625,1,6525489
1740311795784.066,31.001514434814453,199.6531982421875,1.4948745965957642,46.69295883178711,,28.3671875,1,6525510
1740311795805.619,31.04010963439941,199.65635681152344,1.526373267173767,47.97739410400391,,28.3671875,1,6525531
1740311795823.921,30.995494842529297,199.64610290527344,1.5093114376068115,48.355167388916016,,28.3671875,1,6525550
1740311795846.972,31.01490020751953,199.6406707763672,1.4830626249313354,47.14628982543945,,28.3671875,1,6525572
1740311795865.5898,31.02511215209961,199.6641540527344,1.4869998693466189,46.46629333496094,,28.3671875,1,6525592
1740311795886.3345,30.994474411010746,199.5936279296875,1.54868483543396,49.03516387939453,,28.3671875,1,6525612
1740311795906.9893,30.976198196411133,199.532470703125,1.5040616989135742,47.8262825012207,,28.5625,1,6525633
1740311795926.7314,30.96845817565918,199.5882568359375,1.5211235284805298,47.75072860717773,,28.5625,1,6525653
1740311795948.493,30.995012283325195,199.4954833984375,1.476500391960144,48.73294448852539,,28.5625,1,6525675
1740311795969.9292,30.966039657592773,199.5450439453125,1.5198110342025757,47.90183639526367,,28.5625,1,6525695
1740311795990.4695,30.97066116333008,199.5269775390625,1.4633759260177612,48.20405960083008,,28.8359375,1,6525716
1740311796008.619,30.983509063720703,199.6029815673828,1.498811960220337,46.76851272583008,,28.8359375,1,6525735
1740311796028.8562,30.978992462158203,199.60240173339844,1.5132488012313845,48.9596061706543,,28.8359375,1,6525755
1740311796049.4795,30.99603271484375,199.561279296875,1.5211235284805298,48.355167388916016,,28.8359375,1,6525776
1740311796070.9011,30.98168182373047,199.58853149414065,1.5499972105026243,48.43072128295898,,28.8359375,1,6525797
1740311796093.5962,31.01205062866211,199.58132934570312,1.5053741931915283,45.48408126831055,,28.8359375,1,6525819
1740311796114.4873,30.988990783691406,199.3512115478516,1.517186164855957,47.29739761352539,,28.96875,1,6525840
1740311796133.7932,30.970983505249023,199.53370666503903,1.5132488012313845,48.12850189208984,,28.96875,1,6525860
1740311796154.2295,30.970125198364254,199.45269775390625,1.5014368295669556,47.675174713134766,,28.96875,1,6525880
1740311796174.739,30.970447540283203,199.505859375,1.5224359035491943,49.86626815795898,,28.96875,1,6525901
1740311796195.1155,30.982057571411133,199.34799194335935,1.507999062538147,46.91962432861328,,29.1796875,1,6525921
1740311796216.1948,31.007051467895508,199.52145385742188,1.515873670578003,50.3951530456543,,29.1796875,1,6525942
1740311796236.8145,30.96985626220703,199.5306396484375,1.5303106307983398,47.59961700439453,,29.1796875,1,6525963
1740311796257.1064,30.98807716369629,199.53445434570312,1.5237483978271484,48.27961349487305,,29.1796875,1,6525983
1740311796278.0154,31.00033187866211,199.50747680664065,1.5224359035491943,47.448509216308594,,29.1796875,1,6526004
1740311796299.587,30.98506736755371,199.4862365722656,1.525060772895813,49.79071044921875,,29.3125,1,6526025
1740311796320.169,31.014253616333008,199.55514526367188,1.5106239318847656,48.05294799804688,,29.3125,1,6526046
1740311796341.8042,30.993452072143555,199.55422973632807,1.5093114376068115,46.76851272583008,,29.3125,1,6526067
1740311796361.8176,31.026832580566406,199.50999450683597,1.5539345741271973,49.63960266113281,,29.3125,1,6526087
1740311796382.5037,31.042634963989254,199.48704528808597,1.5368728637695312,46.91962432861328,,29.4140625,1,6526108
